[
    {
      "id": 1,
      "countryName": "Afghanistan",
      "countryCode": "AF",
      "languageCode": "af"
    },
    {
      "id": 2,
      "countryName": "Aland Islands",
      "countryCode": "AX",
      "languageCode": "ax"
    },
    {
      "id": 3,
      "countryName": "Albania",
      "countryCode": "AL",
      "languageCode": "al"
    },
    {
      "id": 4,
      "countryName": "Algeria",
      "countryCode": "DZ",
      "languageCode": "dz"
    },
    {
      "id": 5,
      "countryName": "American Samoa",
      "countryCode": "AS",
      "languageCode": "as"
    },
    {
      "id": 6,
      "countryName": "Andorra",
      "countryCode": "AD",
      "languageCode": "ad"
    },
    {
      "id": 7,
      "countryName": "Angola",
      "countryCode": "AO",
      "languageCode": "ao"
    },
    {
      "id": 8,
      "countryName": "Anguilla",
      "countryCode": "AI",
      "languageCode": "ai"
    },
    {
      "id": 9,
      "countryName": "Antarctica",
      "countryCode": "AQ",
      "languageCode": "aq"
    },
    {
      "id": 10,
      "countryName": "Antigua And Barbuda",
      "countryCode": "AG",
      "languageCode": "ag"
    },
    {
      "id": 11,
      "countryName": "Argentina",
      "countryCode": "AR",
      "languageCode": "ar"
    },
    {
      "id": 12,
      "countryName": "Armenia",
      "countryCode": "AM",
      "languageCode": "am"
    },
    {
      "id": 13,
      "countryName": "Aruba",
      "countryCode": "AW",
      "languageCode": "aw"
    },
    {
      "id": 14,
      "countryName": "Australia",
      "countryCode": "AU",
      "languageCode": "au"
    },
    {
      "id": 15,
      "countryName": "Austria",
      "countryCode": "AT",
      "languageCode": "at"
    },
    {
      "id": 16,
      "countryName": "Azerbaijan",
      "countryCode": "AZ",
      "languageCode": "az"
    },
    {
      "id": 17,
      "countryName": "The Bahamas",
      "countryCode": "BS",
      "languageCode": "bs"
    },
    {
      "id": 18,
      "countryName": "Bahrain",
      "countryCode": "BH",
      "languageCode": "bh"
    },
    {
      "id": 19,
      "countryName": "Bangladesh",
      "countryCode": "BD",
      "languageCode": "bd"
    },
    {
      "id": 20,
      "countryName": "Barbados",
      "countryCode": "BB",
      "languageCode": "bb"
    },
    {
      "id": 21,
      "countryName": "Belarus",
      "countryCode": "BY",
      "languageCode": "by"
    },
    {
      "id": 22,
      "countryName": "Belgium",
      "countryCode": "BE",
      "languageCode": "be"
    },
    {
      "id": 23,
      "countryName": "Belize",
      "countryCode": "BZ",
      "languageCode": "bz"
    },
    {
      "id": 24,
      "countryName": "Benin",
      "countryCode": "BJ",
      "languageCode": "bj"
    },
    {
      "id": 25,
      "countryName": "Bermuda",
      "countryCode": "BM",
      "languageCode": "bm"
    },
    {
      "id": 26,
      "countryName": "Bhutan",
      "countryCode": "BT",
      "languageCode": "bt"
    },
    {
      "id": 27,
      "countryName": "Bolivia",
      "countryCode": "BO",
      "languageCode": "bo"
    },
    {
      "id": 28,
      "countryName": "Bosnia and Herzegovina",
      "countryCode": "BA",
      "languageCode": "ba"
    },
    {
      "id": 29,
      "countryName": "Botswana",
      "countryCode": "BW",
      "languageCode": "bw"
    },
    {
      "id": 30,
      "countryName": "Bouvet Island",
      "countryCode": "BV",
      "languageCode": "bv"
    },
    {
      "id": 31,
      "countryName": "Brazil",
      "countryCode": "BR",
      "languageCode": "br"
    },
    {
      "id": 32,
      "countryName": "British Indian Ocean Territory",
      "countryCode": "IO",
      "languageCode": "io"
    },
    {
      "id": 33,
      "countryName": "Brunei",
      "countryCode": "BN",
      "languageCode": "bn"
    },
    {
      "id": 34,
      "countryName": "Bulgaria",
      "countryCode": "BG",
      "languageCode": "bg"
    },
    {
      "id": 35,
      "countryName": "Burkina Faso",
      "countryCode": "BF",
      "languageCode": "bf"
    },
    {
      "id": 36,
      "countryName": "Burundi",
      "countryCode": "BI",
      "languageCode": "bi"
    },
    {
      "id": 37,
      "countryName": "Cambodia",
      "countryCode": "KH",
      "languageCode": "kh"
    },
    {
      "id": 38,
      "countryName": "Cameroon",
      "countryCode": "CM",
      "languageCode": "cm"
    },
    {
      "id": 39,
      "countryName": "Canada",
      "countryCode": "CA",
      "languageCode": "ca"
    },
    {
      "id": 40,
      "countryName": "Cape Verde",
      "countryCode": "CV",
      "languageCode": "cv"
    },
    {
      "id": 41,
      "countryName": "Cayman Islands",
      "countryCode": "KY",
      "languageCode": "ky"
    },
    {
      "id": 42,
      "countryName": "Central African Republic",
      "countryCode": "CF",
      "languageCode": "cf"
    },
    {
      "id": 43,
      "countryName": "Chad",
      "countryCode": "TD",
      "languageCode": "td"
    },
    {
      "id": 44,
      "countryName": "Chile",
      "countryCode": "CL",
      "languageCode": "cl"
    },
    {
      "id": 45,
      "countryName": "China",
      "countryCode": "CN",
      "languageCode": "cn"
    },
    {
      "id": 46,
      "countryName": "Christmas Island",
      "countryCode": "CX",
      "languageCode": "cx"
    },
    {
      "id": 47,
      "countryName": "Cocos (Keeling) Islands",
      "countryCode": "CC",
      "languageCode": "cc"
    },
    {
      "id": 48,
      "countryName": "Colombia",
      "countryCode": "CO",
      "languageCode": "co"
    },
    {
      "id": 49,
      "countryName": "Comoros",
      "countryCode": "KM",
      "languageCode": "km"
    },
    {
      "id": 50,
      "countryName": "Congo",
      "countryCode": "CG",
      "languageCode": "cg"
    },
    {
      "id": 51,
      "countryName": "Democratic Republic of the Congo",
      "countryCode": "CD",
      "languageCode": "cd"
    },
    {
      "id": 52,
      "countryName": "Cook Islands",
      "countryCode": "CK",
      "languageCode": "ck"
    },
    {
      "id": 53,
      "countryName": "Costa Rica",
      "countryCode": "CR",
      "languageCode": "cr"
    },
    {
      "id": 54,
      "countryName": "Cote D'Ivoire (Ivory Coast)",
      "countryCode": "CI",
      "languageCode": "ci"
    },
    {
      "id": 55,
      "countryName": "Croatia",
      "countryCode": "HR",
      "languageCode": "hr"
    },
    {
      "id": 56,
      "countryName": "Cuba",
      "countryCode": "CU",
      "languageCode": "cu"
    },
    {
      "id": 57,
      "countryName": "Cyprus",
      "countryCode": "CY",
      "languageCode": "cy"
    },
    {
      "id": 58,
      "countryName": "Czech Republic",
      "countryCode": "CZ",
      "languageCode": "cz"
    },
    {
      "id": 59,
      "countryName": "Denmark",
      "countryCode": "DK",
      "languageCode": "dk"
    },
    {
      "id": 60,
      "countryName": "Djibouti",
      "countryCode": "DJ",
      "languageCode": "dj"
    },
    {
      "id": 61,
      "countryName": "Dominica",
      "countryCode": "DM",
      "languageCode": "dm"
    },
    {
      "id": 62,
      "countryName": "Dominican Republic",
      "countryCode": "DO",
      "languageCode": "do"
    },
    {
      "id": 63,
      "countryName": "East Timor",
      "countryCode": "TL",
      "languageCode": "tl"
    },
    {
      "id": 64,
      "countryName": "Ecuador",
      "countryCode": "EC",
      "languageCode": "ec"
    },
    {
      "id": 65,
      "countryName": "Egypt",
      "countryCode": "EG",
      "languageCode": "eg"
    },
    {
      "id": 66,
      "countryName": "El Salvador",
      "countryCode": "SV",
      "languageCode": "sv"
    },
    {
      "id": 67,
      "countryName": "Equatorial Guinea",
      "countryCode": "GQ",
      "languageCode": "gq"
    },
    {
      "id": 68,
      "countryName": "Eritrea",
      "countryCode": "ER",
      "languageCode": "er"
    },
    {
      "id": 69,
      "countryName": "Estonia",
      "countryCode": "EE",
      "languageCode": "ee"
    },
    {
      "id": 70,
      "countryName": "Ethiopia",
      "countryCode": "ET",
      "languageCode": "et"
    },
    {
      "id": 71,
      "countryName": "Falkland Islands",
      "countryCode": "FK",
      "languageCode": "fk"
    },
    {
      "id": 72,
      "countryName": "Faroe Islands",
      "countryCode": "FO",
      "languageCode": "fo"
    },
    {
      "id": 73,
      "countryName": "Fiji Islands",
      "countryCode": "FJ",
      "languageCode": "fj"
    },
    {
      "id": 74,
      "countryName": "Finland",
      "countryCode": "FI",
      "languageCode": "fi"
    },
    {
      "id": 75,
      "countryName": "France",
      "countryCode": "FR",
      "languageCode": "fr"
    },
    {
      "id": 76,
      "countryName": "French Guiana",
      "countryCode": "GF",
      "languageCode": "gf"
    },
    {
      "id": 77,
      "countryName": "French Polynesia",
      "countryCode": "PF",
      "languageCode": "pf"
    },
    {
      "id": 78,
      "countryName": "French Southern Territories",
      "countryCode": "TF",
      "languageCode": "tf"
    },
    {
      "id": 79,
      "countryName": "Gabon",
      "countryCode": "GA",
      "languageCode": "ga"
    },
    {
      "id": 80,
      "countryName": "The Gambia ",
      "countryCode": "GM",
      "languageCode": "gm"
    },
    {
      "id": 81,
      "countryName": "Georgia",
      "countryCode": "GE",
      "languageCode": "ge"
    },
    {
      "id": 82,
      "countryName": "Germany",
      "countryCode": "DE",
      "languageCode": "de"
    },
    {
      "id": 83,
      "countryName": "Ghana",
      "countryCode": "GH",
      "languageCode": "gh"
    },
    {
      "id": 84,
      "countryName": "Gibraltar",
      "countryCode": "GI",
      "languageCode": "gi"
    },
    {
      "id": 85,
      "countryName": "Greece",
      "countryCode": "GR",
      "languageCode": "gr"
    },
    {
      "id": 86,
      "countryName": "Greenland",
      "countryCode": "GL",
      "languageCode": "gl"
    },
    {
      "id": 87,
      "countryName": "Grenada",
      "countryCode": "GD",
      "languageCode": "gd"
    },
    {
      "id": 88,
      "countryName": "Guadeloupe",
      "countryCode": "GP",
      "languageCode": "gp"
    },
    {
      "id": 89,
      "countryName": "Guam",
      "countryCode": "GU",
      "languageCode": "gu"
    },
    {
      "id": 90,
      "countryName": "Guatemala",
      "countryCode": "GT",
      "languageCode": "gt"
    },
    {
      "id": 91,
      "countryName": "Guernsey and Alderney",
      "countryCode": "GG",
      "languageCode": "gg"
    },
    {
      "id": 92,
      "countryName": "Guinea",
      "countryCode": "GN",
      "languageCode": "gn"
    },
    {
      "id": 93,
      "countryName": "Guinea-Bissau",
      "countryCode": "GW",
      "languageCode": "gw"
    },
    {
      "id": 94,
      "countryName": "Guyana",
      "countryCode": "GY",
      "languageCode": "gy"
    },
    {
      "id": 95,
      "countryName": "Haiti",
      "countryCode": "HT",
      "languageCode": "ht"
    },
    {
      "id": 96,
      "countryName": "Heard Island and McDonald Islands",
      "countryCode": "HM",
      "languageCode": "hm"
    },
    {
      "id": 97,
      "countryName": "Honduras",
      "countryCode": "HN",
      "languageCode": "hn"
    },
    {
      "id": 98,
      "countryName": "Hong Kong S.A.R.",
      "countryCode": "HK",
      "languageCode": "hk"
    },
    {
      "id": 99,
      "countryName": "Hungary",
      "countryCode": "HU",
      "languageCode": "hu"
    },
    {
      "id": 100,
      "countryName": "Iceland",
      "countryCode": "IS",
      "languageCode": "is"
    },
    {
      "id": 101,
      "countryName": "India",
      "countryCode": "IN",
      "languageCode": "in"
    },
    {
      "id": 102,
      "countryName": "Indonesia",
      "countryCode": "ID",
      "languageCode": "id"
    },
    {
      "id": 103,
      "countryName": "Iran",
      "countryCode": "IR",
      "languageCode": "ir"
    },
    {
      "id": 104,
      "countryName": "Iraq",
      "countryCode": "IQ",
      "languageCode": "iq"
    },
    {
      "id": 105,
      "countryName": "Ireland",
      "countryCode": "IE",
      "languageCode": "ie"
    },
    {
      "id": 106,
      "countryName": "Israel",
      "countryCode": "IL",
      "languageCode": "il"
    },
    {
      "id": 107,
      "countryName": "Italy",
      "countryCode": "IT",
      "languageCode": "it"
    },
    {
      "id": 108,
      "countryName": "Jamaica",
      "countryCode": "JM",
      "languageCode": "jm"
    },
    {
      "id": 109,
      "countryName": "Japan",
      "countryCode": "JP",
      "languageCode": "jp"
    },
    {
      "id": 110,
      "countryName": "Jersey",
      "countryCode": "JE",
      "languageCode": "je"
    },
    {
      "id": 111,
      "countryName": "Jordan",
      "countryCode": "JO",
      "languageCode": "jo"
    },
    {
      "id": 112,
      "countryName": "Kazakhstan",
      "countryCode": "KZ",
      "languageCode": "kz"
    },
    {
      "id": 113,
      "countryName": "Kenya",
      "countryCode": "KE",
      "languageCode": "ke"
    },
    {
      "id": 114,
      "countryName": "Kiribati",
      "countryCode": "KI",
      "languageCode": "ki"
    },
    {
      "id": 115,
      "countryName": "North Korea",
      "countryCode": "KP",
      "languageCode": "kp"
    },
    {
      "id": 116,
      "countryName": "South Korea",
      "countryCode": "KR",
      "languageCode": "kr"
    },
    {
      "id": 117,
      "countryName": "Kuwait",
      "countryCode": "KW",
      "languageCode": "kw"
    },
    {
      "id": 118,
      "countryName": "Kyrgyzstan",
      "countryCode": "KG",
      "languageCode": "kg"
    },
    {
      "id": 119,
      "countryName": "Laos",
      "countryCode": "LA",
      "languageCode": "la"
    },
    {
      "id": 120,
      "countryName": "Latvia",
      "countryCode": "LV",
      "languageCode": "lv"
    },
    {
      "id": 121,
      "countryName": "Lebanon",
      "countryCode": "LB",
      "languageCode": "lb"
    },
    {
      "id": 122,
      "countryName": "Lesotho",
      "countryCode": "LS",
      "languageCode": "ls"
    },
    {
      "id": 123,
      "countryName": "Liberia",
      "countryCode": "LR",
      "languageCode": "lr"
    },
    {
      "id": 124,
      "countryName": "Libya",
      "countryCode": "LY",
      "languageCode": "ly"
    },
    {
      "id": 125,
      "countryName": "Liechtenstein",
      "countryCode": "LI",
      "languageCode": "li"
    },
    {
      "id": 126,
      "countryName": "Lithuania",
      "countryCode": "LT",
      "languageCode": "lt"
    },
    {
      "id": 127,
      "countryName": "Luxembourg",
      "countryCode": "LU",
      "languageCode": "lu"
    },
    {
      "id": 128,
      "countryName": "Macau S.A.R.",
      "countryCode": "MO",
      "languageCode": "mo"
    },
    {
      "id": 129,
      "countryName": "North Macedonia",
      "countryCode": "MK",
      "languageCode": "mk"
    },
    {
      "id": 130,
      "countryName": "Madagascar",
      "countryCode": "MG",
      "languageCode": "mg"
    },
    {
      "id": 131,
      "countryName": "Malawi",
      "countryCode": "MW",
      "languageCode": "mw"
    },
    {
      "id": 132,
      "countryName": "Malaysia",
      "countryCode": "MY",
      "languageCode": "my"
    },
    {
      "id": 133,
      "countryName": "Maldives",
      "countryCode": "MV",
      "languageCode": "mv"
    },
    {
      "id": 134,
      "countryName": "Mali",
      "countryCode": "ML",
      "languageCode": "ml"
    },
    {
      "id": 135,
      "countryName": "Malta",
      "countryCode": "MT",
      "languageCode": "mt"
    },
    {
      "id": 136,
      "countryName": "Man (Isle of)",
      "countryCode": "IM",
      "languageCode": "im"
    },
    {
      "id": 137,
      "countryName": "Marshall Islands",
      "countryCode": "MH",
      "languageCode": "mh"
    },
    {
      "id": 138,
      "countryName": "Martinique",
      "countryCode": "MQ",
      "languageCode": "mq"
    },
    {
      "id": 139,
      "countryName": "Mauritania",
      "countryCode": "MR",
      "languageCode": "mr"
    },
    {
      "id": 140,
      "countryName": "Mauritius",
      "countryCode": "MU",
      "languageCode": "mu"
    },
    {
      "id": 141,
      "countryName": "Mayotte",
      "countryCode": "YT",
      "languageCode": "yt"
    },
    {
      "id": 142,
      "countryName": "Mexico",
      "countryCode": "MX",
      "languageCode": "mx"
    },
    {
      "id": 143,
      "countryName": "Micronesia",
      "countryCode": "FM",
      "languageCode": "fm"
    },
    {
      "id": 144,
      "countryName": "Moldova",
      "countryCode": "MD",
      "languageCode": "md"
    },
    {
      "id": 145,
      "countryName": "Monaco",
      "countryCode": "MC",
      "languageCode": "mc"
    },
    {
      "id": 146,
      "countryName": "Mongolia",
      "countryCode": "MN",
      "languageCode": "mn"
    },
    {
      "id": 147,
      "countryName": "Montenegro",
      "countryCode": "ME",
      "languageCode": "me"
    },
    {
      "id": 148,
      "countryName": "Montserrat",
      "countryCode": "MS",
      "languageCode": "ms"
    },
    {
      "id": 149,
      "countryName": "Morocco",
      "countryCode": "MA",
      "languageCode": "ma"
    },
    {
      "id": 150,
      "countryName": "Mozambique",
      "countryCode": "MZ",
      "languageCode": "mz"
    },
    {
      "id": 151,
      "countryName": "Myanmar",
      "countryCode": "MM",
      "languageCode": "mm"
    },
    {
      "id": 152,
      "countryName": "Namibia",
      "countryCode": "NA",
      "languageCode": "na"
    },
    {
      "id": 153,
      "countryName": "Nauru",
      "countryCode": "NR",
      "languageCode": "nr"
    },
    {
      "id": 154,
      "countryName": "Nepal",
      "countryCode": "NP",
      "languageCode": "np"
    },
    {
      "id": 155,
      "countryName": "Bonaire, Sint Eustatius and Saba",
      "countryCode": "BQ",
      "languageCode": "bq"
    },
    {
      "id": 156,
      "countryName": "Netherlands",
      "countryCode": "NL",
      "languageCode": "nl"
    },
    {
      "id": 157,
      "countryName": "New Caledonia",
      "countryCode": "NC",
      "languageCode": "nc"
    },
    {
      "id": 158,
      "countryName": "New Zealand",
      "countryCode": "NZ",
      "languageCode": "nz"
    },
    {
      "id": 159,
      "countryName": "Nicaragua",
      "countryCode": "NI",
      "languageCode": "ni"
    },
    {
      "id": 160,
      "countryName": "Niger",
      "countryCode": "NE",
      "languageCode": "ne"
    },
    {
      "id": 161,
      "countryName": "Nigeria",
      "countryCode": "NG",
      "languageCode": "ng"
    },
    {
      "id": 162,
      "countryName": "Niue",
      "countryCode": "NU",
      "languageCode": "nu"
    },
    {
      "id": 163,
      "countryName": "Norfolk Island",
      "countryCode": "NF",
      "languageCode": "nf"
    },
    {
      "id": 164,
      "countryName": "Northern Mariana Islands",
      "countryCode": "MP",
      "languageCode": "mp"
    },
    {
      "id": 165,
      "countryName": "Norway",
      "countryCode": "NO",
      "languageCode": "no"
    },
    {
      "id": 166,
      "countryName": "Oman",
      "countryCode": "OM",
      "languageCode": "om"
    },
    {
      "id": 167,
      "countryName": "Pakistan",
      "countryCode": "PK",
      "languageCode": "pk"
    },
    {
      "id": 168,
      "countryName": "Palau",
      "countryCode": "PW",
      "languageCode": "pw"
    },
    {
      "id": 169,
      "countryName": "Palestinian Territory",
      "countryCode": "PS",
      "languageCode": "ps"
    },
    {
      "id": 170,
      "countryName": "Panama",
      "countryCode": "PA",
      "languageCode": "pa"
    },
    {
      "id": 171,
      "countryName": "Papua new Guinea",
      "countryCode": "PG",
      "languageCode": "pg"
    },
    {
      "id": 172,
      "countryName": "Paraguay",
      "countryCode": "PY",
      "languageCode": "py"
    },
    {
      "id": 173,
      "countryName": "Peru",
      "countryCode": "PE",
      "languageCode": "pe"
    },
    {
      "id": 174,
      "countryName": "Philippines",
      "countryCode": "PH",
      "languageCode": "ph"
    },
    {
      "id": 175,
      "countryName": "Pitcairn Island",
      "countryCode": "PN",
      "languageCode": "pn"
    },
    {
      "id": 176,
      "countryName": "Poland",
      "countryCode": "PL",
      "languageCode": "pl"
    },
    {
      "id": 177,
      "countryName": "Portugal",
      "countryCode": "PT",
      "languageCode": "pt"
    },
    {
      "id": 178,
      "countryName": "Puerto Rico",
      "countryCode": "PR",
      "languageCode": "pr"
    },
    {
      "id": 179,
      "countryName": "Qatar",
      "countryCode": "QA",
      "languageCode": "qa"
    },
    {
      "id": 180,
      "countryName": "Reunion",
      "countryCode": "RE",
      "languageCode": "re"
    },
    {
      "id": 181,
      "countryName": "Romania",
      "countryCode": "RO",
      "languageCode": "ro"
    },
    {
      "id": 182,
      "countryName": "Russia",
      "countryCode": "RU",
      "languageCode": "ru"
    },
    {
      "id": 183,
      "countryName": "Rwanda",
      "countryCode": "RW",
      "languageCode": "rw"
    },
    {
      "id": 184,
      "countryName": "Saint Helena",
      "countryCode": "SH",
      "languageCode": "sh"
    },
    {
      "id": 185,
      "countryName": "Saint Kitts And Nevis",
      "countryCode": "KN",
      "languageCode": "kn"
    },
    {
      "id": 186,
      "countryName": "Saint Lucia",
      "countryCode": "LC",
      "languageCode": "lc"
    },
    {
      "id": 187,
      "countryName": "Saint Pierre and Miquelon",
      "countryCode": "PM",
      "languageCode": "pm"
    },
    {
      "id": 188,
      "countryName": "Saint Vincent And The Grenadines",
      "countryCode": "VC",
      "languageCode": "vc"
    },
    {
      "id": 189,
      "countryName": "Saint-Barthelemy",
      "countryCode": "BL",
      "languageCode": "bl"
    },
    {
      "id": 190,
      "countryName": "Saint-Martin (French part)",
      "countryCode": "MF",
      "languageCode": "mf"
    },
    {
      "id": 191,
      "countryName": "Samoa",
      "countryCode": "WS",
      "languageCode": "ws"
    },
    {
      "id": 192,
      "countryName": "San Marino",
      "countryCode": "SM",
      "languageCode": "sm"
    },
    {
      "id": 193,
      "countryName": "Sao Tome and Principe",
      "countryCode": "ST",
      "languageCode": "st"
    },
    {
      "id": 194,
      "countryName": "Saudi Arabia",
      "countryCode": "SA",
      "languageCode": "sa"
    },
    {
      "id": 195,
      "countryName": "Senegal",
      "countryCode": "SN",
      "languageCode": "sn"
    },
    {
      "id": 196,
      "countryName": "Serbia",
      "countryCode": "RS",
      "languageCode": "rs"
    },
    {
      "id": 197,
      "countryName": "Seychelles",
      "countryCode": "SC",
      "languageCode": "sc"
    },
    {
      "id": 198,
      "countryName": "Sierra Leone",
      "countryCode": "SL",
      "languageCode": "sl"
    },
    {
      "id": 199,
      "countryName": "Singapore",
      "countryCode": "SG",
      "languageCode": "sg"
    },
    {
      "id": 200,
      "countryName": "Slovakia",
      "countryCode": "SK",
      "languageCode": "sk"
    },
    {
      "id": 201,
      "countryName": "Slovenia",
      "countryCode": "SI",
      "languageCode": "si"
    },
    {
      "id": 202,
      "countryName": "Solomon Islands",
      "countryCode": "SB",
      "languageCode": "sb"
    },
    {
      "id": 203,
      "countryName": "Somalia",
      "countryCode": "SO",
      "languageCode": "so"
    },
    {
      "id": 204,
      "countryName": "South Africa",
      "countryCode": "ZA",
      "languageCode": "za"
    },
    {
      "id": 205,
      "countryName": "South Georgia",
      "countryCode": "GS",
      "languageCode": "gs"
    },
    {
      "id": 206,
      "countryName": "South Sudan",
      "countryCode": "SS",
      "languageCode": "ss"
    },
    {
      "id": 207,
      "countryName": "Spain",
      "countryCode": "ES",
      "languageCode": "es"
    },
    {
      "id": 208,
      "countryName": "Sri Lanka",
      "countryCode": "LK",
      "languageCode": "lk"
    },
    {
      "id": 209,
      "countryName": "Sudan",
      "countryCode": "SD",
      "languageCode": "sd"
    },
    {
      "id": 210,
      "countryName": "Suriname",
      "countryCode": "SR",
      "languageCode": "sr"
    },
    {
      "id": 211,
      "countryName": "Svalbard And Jan Mayen Islands",
      "countryCode": "SJ",
      "languageCode": "sj"
    },
    {
      "id": 212,
      "countryName": "Swaziland",
      "countryCode": "SZ",
      "languageCode": "sz"
    },
    {
      "id": 213,
      "countryName": "Sweden",
      "countryCode": "SE",
      "languageCode": "se"
    },
    {
      "id": 214,
      "countryName": "Switzerland",
      "countryCode": "CH",
      "languageCode": "ch"
    },
    {
      "id": 215,
      "countryName": "Syria",
      "countryCode": "SY",
      "languageCode": "sy"
    },
    {
      "id": 216,
      "countryName": "Taiwan",
      "countryCode": "TW",
      "languageCode": "tw"
    },
    {
      "id": 217,
      "countryName": "Tajikistan",
      "countryCode": "TJ",
      "languageCode": "tj"
    },
    {
      "id": 218,
      "countryName": "Tanzania",
      "countryCode": "TZ",
      "languageCode": "tz"
    },
    {
      "id": 219,
      "countryName": "Thailand",
      "countryCode": "TH",
      "languageCode": "th"
    },
    {
      "id": 220,
      "countryName": "Togo",
      "countryCode": "TG",
      "languageCode": "tg"
    },
    {
      "id": 221,
      "countryName": "Tokelau",
      "countryCode": "TK",
      "languageCode": "tk"
    },
    {
      "id": 222,
      "countryName": "Tonga",
      "countryCode": "TO",
      "languageCode": "to"
    },
    {
      "id": 223,
      "countryName": "Trinidad And Tobago",
      "countryCode": "TT",
      "languageCode": "tt"
    },
    {
      "id": 224,
      "countryName": "Tunisia",
      "countryCode": "TN",
      "languageCode": "tn"
    },
    {
      "id": 225,
      "countryName": "Turkey",
      "countryCode": "TR",
      "languageCode": "tr"
    },
    {
      "id": 226,
      "countryName": "Turkmenistan",
      "countryCode": "TM",
      "languageCode": "tm"
    },
    {
      "id": 227,
      "countryName": "Turks And Caicos Islands",
      "countryCode": "TC",
      "languageCode": "tc"
    },
    {
      "id": 228,
      "countryName": "Tuvalu",
      "countryCode": "TV",
      "languageCode": "tv"
    },
    {
      "id": 229,
      "countryName": "Uganda",
      "countryCode": "UG",
      "languageCode": "ug"
    },
    {
      "id": 230,
      "countryName": "Ukraine",
      "countryCode": "UA",
      "languageCode": "ua"
    },
    {
      "id": 231,
      "countryName": "United Arab Emirates",
      "countryCode": "AE",
      "languageCode": "ae"
    },
    {
      "id": 232,
      "countryName": "United Kingdom",
      "countryCode": "GB",
      "languageCode": "gb"
    },
    {
      "id": 233,
      "countryName": "United States",
      "countryCode": "US",
      "languageCode": "us"
    },
    {
      "id": 234,
      "countryName": "United States Minor Outlying Islands",
      "countryCode": "UM",
      "languageCode": "um"
    },
    {
      "id": 235,
      "countryName": "Uruguay",
      "countryCode": "UY",
      "languageCode": "uy"
    },
    {
      "id": 236,
      "countryName": "Uzbekistan",
      "countryCode": "UZ",
      "languageCode": "uz"
    },
    {
      "id": 237,
      "countryName": "Vanuatu",
      "countryCode": "VU",
      "languageCode": "vu"
    },
    {
      "id": 238,
      "countryName": "Vatican City State (Holy See)",
      "countryCode": "VA",
      "languageCode": "va"
    },
    {
      "id": 239,
      "countryName": "Venezuela",
      "countryCode": "VE",
      "languageCode": "ve"
    },
    {
      "id": 240,
      "countryName": "Vietnam",
      "countryCode": "VN",
      "languageCode": "vn"
    },
    {
      "id": 241,
      "countryName": "Virgin Islands (British)",
      "countryCode": "VG",
      "languageCode": "vg"
    },
    {
      "id": 242,
      "countryName": "Virgin Islands (US)",
      "countryCode": "VI",
      "languageCode": "vi"
    },
    {
      "id": 243,
      "countryName": "Wallis And Futuna Islands",
      "countryCode": "WF",
      "languageCode": "wf"
    },
    {
      "id": 244,
      "countryName": "Western Sahara",
      "countryCode": "EH",
      "languageCode": "eh"
    },
    {
      "id": 245,
      "countryName": "Yemen",
      "countryCode": "YE",
      "languageCode": "ye"
    },
    {
      "id": 246,
      "countryName": "Zambia",
      "countryCode": "ZM",
      "languageCode": "zm"
    },
    {
      "id": 247,
      "countryName": "Zimbabwe",
      "countryCode": "ZW",
      "languageCode": "zw"
    },
    {
      "id": 248,
      "countryName": "Kosovo",
      "countryCode": "XK",
      "languageCode": "xk"
    },
    {
      "id": 249,
      "countryName": "Curaçao",
      "countryCode": "CW",
      "languageCode": "cw"
    },
    {
      "id": 250,
      "countryName": "Sint Maarten (Dutch part)",
      "countryCode": "SX",
      "languageCode": "sx"
    }
  ]